variante,normalizer,acc_train,acc_val,acc_test,f1_test,mcc_test,auc_test,epochs_trained,best_val_loss,mcnemar_p,time_s
B,zscore,0.6834,0.6859,0.6747,0.7204,0.333,0.7245,25,0.60752,0.0001,25.3
A,zscore,0.6782,0.6262,0.6148,0.6961,0.1952,0.6522,21,0.63128,0.0493,21.6
C,zscore,0.6782,0.6262,0.6148,0.6961,0.1952,0.6522,21,0.63128,0.0493,22.6
G,minmax,0.658,0.6262,0.6048,0.6551,0.1927,0.6342,62,0.63983,0.1898,65.2
E,rolling_zscore,0.6645,0.6421,0.6008,0.6997,0.158,0.6454,16,0.63533,0.1176,17.9
D_corrigida,zscore,0.6102,0.5885,0.5329,0.6507,0.0047,0.5171,26,0.67493,0.3382,28.6
F,minmax_per_channel,0.5527,0.5447,0.5629,0.7203,-0.0393,0.563,11,0.68737,1.0,13.6
