{
  "model": "lstm_baseline",
  "variant": "B",
  "checkpoint": "/home/ssdfhansen/Documentos/01_UnB/Mat\u00e9rias/ENS/TCC/validacao-lstm-final/lstm_baseline_checkpoint.keras",
  "best_epoch": 0,
  "preprocessing": {
    "Open": {
      "wavelet": "db4",
      "level": 6,
      "sigma_train": 7.896360228214202,
      "threshold": 33.02604561797035,
      "pct_detail_zeroed": 83.52884460870963,
      "wavelet_mode": "zero"
    },
    "High": {
      "wavelet": "db4",
      "level": 6,
      "sigma_train": 7.896360228214202,
      "threshold": 33.02604561797035,
      "pct_detail_zeroed": 83.52884460870963,
      "wavelet_mode": "zero"
    },
    "Low": {
      "wavelet": "db4",
      "level": 6,
      "sigma_train": 5.411975086073003,
      "threshold": 22.63525610664649,
      "pct_detail_zeroed": 79.35079543628476,
      "wavelet_mode": "zero"
    },
    "Close": {
      "wavelet": "db4",
      "level": 6,
      "sigma_train": 6.234245510004407,
      "threshold": 26.074352063038532,
      "pct_detail_zeroed": 79.49542021533023,
      "wavelet_mode": "zero"
    },
    "Volume": {
      "wavelet": "db4",
      "level": 6,
      "sigma_train": 0.09054210754659438,
      "threshold": 0.3786868491000013,
      "pct_detail_zeroed": 93.86148160051422,
      "wavelet_mode": "zero"
    }
  },
  "scaler": {
    "mean": {
      "logret_1d": 0.0001747692314233012,
      "logret_lag_1": 0.00017435330336815647,
      "logret_lag_2": 0.0001745506779358452,
      "logret_lag_3": 0.00017530066635604562,
      "logret_lag_5": 0.00017781189442690078,
      "logret_lag_10": 0.00018748979495701782,
      "logret_lag_20": 0.0001906146451834868,
      "price_over_ma5": 0.00036408979741751505,
      "price_over_ma20": 0.001859809309006985,
      "ma5_over_ma20": 0.0014290976865590063,
      "vol_20d": 0.049792485252115486,
      "vol_60d": 0.05945639503666951,
      "abs_ret_1d": 0.002933125516282662,
      "ret2_1d": 2.7904942789309023e-05,
      "volume_log": 21.761917016699464,
      "volume_over_ma20": 0.0033622097205325613,
      "hl_range": -0.006211366411375397,
      "rsi_14": 61.85930621770401
    },
    "std": {
      "logret_1d": 0.005297738542814461,
      "logret_lag_1": 0.005297760206780455,
      "logret_lag_2": 0.0052978108043166584,
      "logret_lag_3": 0.005298223963814715,
      "logret_lag_5": 0.00530030465874882,
      "logret_lag_10": 0.005312549833624239,
      "logret_lag_20": 0.0053176315652900055,
      "price_over_ma5": 0.008188039078531646,
      "price_over_ma20": 0.02337150928742136,
      "ma5_over_ma20": 0.0188447983289074,
      "vol_20d": 0.06045067392290461,
      "vol_60d": 0.05701262859109442,
      "abs_ret_1d": 0.004393792555208586,
      "ret2_1d": 0.00014155898862635113,
      "volume_log": 0.5011935871477141,
      "volume_over_ma20": 0.0677491464520012,
      "hl_range": 0.005255711150213622,
      "rsi_14": 27.849454745453638
    }
  },
  "model_info": {
    "lookback": 20,
    "units": 32,
    "dropout": 0.1,
    "l2": 0.0,
    "learning_rate": 0.001,
    "batch_size": 32,
    "epochs": 80,
    "patience": 10
  },
  "background_samples": 100,
  "background_indices": [
    468,
    296,
    4613,
    4092,
    3532,
    4375,
    132,
    848,
    1183,
    1117,
    2098,
    3928,
    1321,
    1697,
    3046,
    2517,
    3002,
    4973,
    2827,
    23,
    4184,
    538,
    79,
    2850,
    3360,
    751,
    3463,
    2543,
    3996,
    2677,
    4028,
    653,
    2222,
    1503,
    3258,
    3649,
    1344,
    1215,
    1760,
    2229,
    1144,
    151,
    577,
    5162,
    4638,
    4727,
    4022,
    501,
    5201,
    2939,
    589,
    227,
    3429,
    3426,
    1912,
    491,
    1890,
    2877,
    1815,
    1606,
    1480,
    4879,
    1200,
    3165,
    1010,
    3282,
    3064,
    1962,
    896,
    4845,
    4858,
    3568,
    4520,
    2826,
    5000,
    4275,
    4294,
    1669,
    1995,
    1436,
    2705,
    2153,
    3437,
    4501,
    1612,
    4753,
    681,
    1831,
    168,
    1871,
    530,
    3836,
    4301,
    3425,
    683,
    4435,
    3229,
    2775,
    4304,
    3552
  ],
  "test_samples": 200,
  "expected_value": 0.5496695391833782,
  "shap_analysis": {
    "temporal_importance": [
      0.00012459486144724379,
      0.0001213965970713002,
      0.0001289767384891963,
      0.00011497851112585378,
      0.00010673849395732806,
      0.0001535798068501887,
      0.00013472147377007338,
      0.00013834431579952877,
      0.00011870726512884183,
      0.00015603722574170868,
      0.0001468825237573908,
      0.00015891690288082012,
      0.00017633387623452166,
      0.0001846751927444694,
      0.00030678139199487233,
      0.0004384981422409037,
      0.0008148471958946022,
      0.0012716192671009899,
      0.002170837956909956,
      0.01754130645157278
    ],
    "top_timesteps": [
      19,
      18,
      17,
      16,
      15,
      14,
      13,
      12,
      11,
      9,
      5,
      10,
      7,
      6,
      2,
      0,
      1,
      8,
      3,
      4
    ],
    "top_importance": [
      0.01754130645157278,
      0.002170837956909956,
      0.0012716192671009899,
      0.0008148471958946022,
      0.0004384981422409037,
      0.00030678139199487233,
      0.0001846751927444694,
      0.00017633387623452166,
      0.00015891690288082012,
      0.00015603722574170868,
      0.0001535798068501887,
      0.0001468825237573908,
      0.00013834431579952877,
      0.00013472147377007338,
      0.0001289767384891963,
      0.00012459486144724379,
      0.0001213965970713002,
      0.00011870726512884183,
      0.00011497851112585378,
      0.00010673849395732806
    ],
    "n_timesteps_90pct": 5
  }
}